"","month","population","Code","Count"
"1","2019-01-01",23357502,"gp_consult_count",11194983
"2","2019-01-01",23357502,"snomed_1068881000000101",372
"3","2019-01-01",23357502,"snomed_1090371000000106",0
"4","2019-01-01",23357502,"snomed_185320006",1662
"5","2019-01-01",23357502,"snomed_325871000000103",0
"6","2019-01-01",23357502,"snomed_325901000000103",0
"7","2019-01-01",23357502,"snomed_325911000000101",0
"8","2019-01-01",23357502,"snomed_325951000000102",0
"9","2019-01-01",23357502,"snomed_325981000000108",0
"10","2019-01-01",23357502,"snomed_325991000000105",0
"11","2019-01-01",23357502,"snomed_384131000000101",0
"12","2019-01-01",23357502,"snomed_401271004",6409
"13","2019-01-01",23357502,"snomed_448337001",2548
"14","2019-01-01",23357502,"snomed_699249000",3645
"15","2019-01-01",23357502,"snomed_719407002",0
"16","2019-01-01",23357502,"snomed_763184009",0
"17","2019-01-01",23357502,"snomed_854891000000104",0
"18","2019-01-01",23357502,"snomed_868184008",0
"19","2019-01-01",23357502,"snomed_978871000000104",0
"20","2019-01-01",23357502,"OC_OC10",8227
"21","2019-01-01",23357502,"OC_Y1f3b",372
"22","2019-01-01",23357502,"OC_XUkjp",0
"23","2019-01-01",23357502,"OC_XaXcK",2548
"24","2019-01-01",23357502,"OC_XVCTw",0
"25","2019-01-01",23357502,"OC_XUuWQ",0
"26","2019-01-01",23357502,"OC_XV1pT",0
"27","2019-01-01",23357502,"OC_computerlink",1662
"28","2019-01-01",23357502,"OC_alertreceived",3645
"29","2019-01-01",23357502,"OC_Y22b4",0
"30","2019-02-01",23391472,"gp_consult_count",9946464
"31","2019-02-01",23391472,"snomed_1068881000000101",585
"32","2019-02-01",23391472,"snomed_1090371000000106",0
"33","2019-02-01",23391472,"snomed_185320006",1360
"34","2019-02-01",23391472,"snomed_325871000000103",0
"35","2019-02-01",23391472,"snomed_325901000000103",0
"36","2019-02-01",23391472,"snomed_325911000000101",0
"37","2019-02-01",23391472,"snomed_325951000000102",0
"38","2019-02-01",23391472,"snomed_325981000000108",0
"39","2019-02-01",23391472,"snomed_325991000000105",0
"40","2019-02-01",23391472,"snomed_384131000000101",0
"41","2019-02-01",23391472,"snomed_401271004",5402
"42","2019-02-01",23391472,"snomed_448337001",2534
"43","2019-02-01",23391472,"snomed_699249000",4181
"44","2019-02-01",23391472,"snomed_719407002",0
"45","2019-02-01",23391472,"snomed_763184009",0
"46","2019-02-01",23391472,"snomed_854891000000104",0
"47","2019-02-01",23391472,"snomed_868184008",0
"48","2019-02-01",23391472,"snomed_978871000000104",0
"49","2019-02-01",23391472,"OC_OC10",8660
"50","2019-02-01",23391472,"OC_Y1f3b",585
"51","2019-02-01",23391472,"OC_XUkjp",0
"52","2019-02-01",23391472,"OC_XaXcK",2534
"53","2019-02-01",23391472,"OC_XVCTw",0
"54","2019-02-01",23391472,"OC_XUuWQ",0
"55","2019-02-01",23391472,"OC_XV1pT",0
"56","2019-02-01",23391472,"OC_computerlink",1360
"57","2019-02-01",23391472,"OC_alertreceived",4181
"58","2019-02-01",23391472,"OC_Y22b4",0
"59","2019-03-01",23411911,"gp_consult_count",10505336
"60","2019-03-01",23411911,"snomed_1068881000000101",746
"61","2019-03-01",23411911,"snomed_1090371000000106",0
"62","2019-03-01",23411911,"snomed_185320006",1524
"63","2019-03-01",23411911,"snomed_325871000000103",0
"64","2019-03-01",23411911,"snomed_325901000000103",0
"65","2019-03-01",23411911,"snomed_325911000000101",0
"66","2019-03-01",23411911,"snomed_325951000000102",0
"67","2019-03-01",23411911,"snomed_325981000000108",0
"68","2019-03-01",23411911,"snomed_325991000000105",0
"69","2019-03-01",23411911,"snomed_384131000000101",0
"70","2019-03-01",23411911,"snomed_401271004",5771
"71","2019-03-01",23411911,"snomed_448337001",3289
"72","2019-03-01",23411911,"snomed_699249000",5168
"73","2019-03-01",23411911,"snomed_719407002",0
"74","2019-03-01",23411911,"snomed_763184009",0
"75","2019-03-01",23411911,"snomed_854891000000104",0
"76","2019-03-01",23411911,"snomed_868184008",0
"77","2019-03-01",23411911,"snomed_978871000000104",0
"78","2019-03-01",23411911,"OC_OC10",10727
"79","2019-03-01",23411911,"OC_Y1f3b",746
"80","2019-03-01",23411911,"OC_XUkjp",0
"81","2019-03-01",23411911,"OC_XaXcK",3289
"82","2019-03-01",23411911,"OC_XVCTw",0
"83","2019-03-01",23411911,"OC_XUuWQ",0
"84","2019-03-01",23411911,"OC_XV1pT",0
"85","2019-03-01",23411911,"OC_computerlink",1524
"86","2019-03-01",23411911,"OC_alertreceived",5168
"87","2019-03-01",23411911,"OC_Y22b4",0
"88","2019-04-01",23430192,"gp_consult_count",9881588
"89","2019-04-01",23430192,"snomed_1068881000000101",818
"90","2019-04-01",23430192,"snomed_1090371000000106",0
"91","2019-04-01",23430192,"snomed_185320006",1214
"92","2019-04-01",23430192,"snomed_325871000000103",0
"93","2019-04-01",23430192,"snomed_325901000000103",0
"94","2019-04-01",23430192,"snomed_325911000000101",0
"95","2019-04-01",23430192,"snomed_325951000000102",0
"96","2019-04-01",23430192,"snomed_325981000000108",0
"97","2019-04-01",23430192,"snomed_325991000000105",0
"98","2019-04-01",23430192,"snomed_384131000000101",0
"99","2019-04-01",23430192,"snomed_401271004",6158
"100","2019-04-01",23430192,"snomed_448337001",3063
"101","2019-04-01",23430192,"snomed_699249000",6197
"102","2019-04-01",23430192,"snomed_719407002",0
"103","2019-04-01",23430192,"snomed_763184009",0
"104","2019-04-01",23430192,"snomed_854891000000104",0
"105","2019-04-01",23430192,"snomed_868184008",0
"106","2019-04-01",23430192,"snomed_978871000000104",0
"107","2019-04-01",23430192,"OC_OC10",11292
"108","2019-04-01",23430192,"OC_Y1f3b",818
"109","2019-04-01",23430192,"OC_XUkjp",0
"110","2019-04-01",23430192,"OC_XaXcK",3063
"111","2019-04-01",23430192,"OC_XVCTw",0
"112","2019-04-01",23430192,"OC_XUuWQ",0
"113","2019-04-01",23430192,"OC_XV1pT",0
"114","2019-04-01",23430192,"OC_computerlink",1214
"115","2019-04-01",23430192,"OC_alertreceived",6197
"116","2019-04-01",23430192,"OC_Y22b4",0
"117","2019-05-01",23456873,"gp_consult_count",10274278
"118","2019-05-01",23456873,"snomed_1068881000000101",796
"119","2019-05-01",23456873,"snomed_1090371000000106",0
"120","2019-05-01",23456873,"snomed_185320006",1391
"121","2019-05-01",23456873,"snomed_325871000000103",0
"122","2019-05-01",23456873,"snomed_325901000000103",0
"123","2019-05-01",23456873,"snomed_325911000000101",0
"124","2019-05-01",23456873,"snomed_325951000000102",0
"125","2019-05-01",23456873,"snomed_325981000000108",0
"126","2019-05-01",23456873,"snomed_325991000000105",0
"127","2019-05-01",23456873,"snomed_384131000000101",0
"128","2019-05-01",23456873,"snomed_401271004",5466
"129","2019-05-01",23456873,"snomed_448337001",3222
"130","2019-05-01",23456873,"snomed_699249000",6156
"131","2019-05-01",23456873,"snomed_719407002",0
"132","2019-05-01",23456873,"snomed_763184009",0
"133","2019-05-01",23456873,"snomed_854891000000104",0
"134","2019-05-01",23456873,"snomed_868184008",0
"135","2019-05-01",23456873,"snomed_978871000000104",0
"136","2019-05-01",23456873,"OC_OC10",11565
"137","2019-05-01",23456873,"OC_Y1f3b",796
"138","2019-05-01",23456873,"OC_XUkjp",0
"139","2019-05-01",23456873,"OC_XaXcK",3222
"140","2019-05-01",23456873,"OC_XVCTw",0
"141","2019-05-01",23456873,"OC_XUuWQ",0
"142","2019-05-01",23456873,"OC_XV1pT",0
"143","2019-05-01",23456873,"OC_computerlink",1391
"144","2019-05-01",23456873,"OC_alertreceived",6156
"145","2019-05-01",23456873,"OC_Y22b4",0
"146","2019-06-01",23479063,"gp_consult_count",9710060
"147","2019-06-01",23479063,"snomed_1068881000000101",1449
"148","2019-06-01",23479063,"snomed_1090371000000106",0
"149","2019-06-01",23479063,"snomed_185320006",1575
"150","2019-06-01",23479063,"snomed_325871000000103",NA
"151","2019-06-01",23479063,"snomed_325901000000103",0
"152","2019-06-01",23479063,"snomed_325911000000101",0
"153","2019-06-01",23479063,"snomed_325951000000102",0
"154","2019-06-01",23479063,"snomed_325981000000108",0
"155","2019-06-01",23479063,"snomed_325991000000105",0
"156","2019-06-01",23479063,"snomed_384131000000101",0
"157","2019-06-01",23479063,"snomed_401271004",3907
"158","2019-06-01",23479063,"snomed_448337001",3688
"159","2019-06-01",23479063,"snomed_699249000",6992
"160","2019-06-01",23479063,"snomed_719407002",0
"161","2019-06-01",23479063,"snomed_763184009",0
"162","2019-06-01",23479063,"snomed_854891000000104",0
"163","2019-06-01",23479063,"snomed_868184008",0
"164","2019-06-01",23479063,"snomed_978871000000104",0
"165","2019-06-01",23479063,"OC_OC10",13705
"166","2019-06-01",23479063,"OC_Y1f3b",1449
"167","2019-06-01",23479063,"OC_XUkjp",0
"168","2019-06-01",23479063,"OC_XaXcK",3688
"169","2019-06-01",23479063,"OC_XVCTw",0
"170","2019-06-01",23479063,"OC_XUuWQ",0
"171","2019-06-01",23479063,"OC_XV1pT",0
"172","2019-06-01",23479063,"OC_computerlink",1575
"173","2019-06-01",23479063,"OC_alertreceived",6992
"174","2019-06-01",23479063,"OC_Y22b4",NA
"175","2019-07-01",23507309,"gp_consult_count",10978919
"176","2019-07-01",23507309,"snomed_1068881000000101",3110
"177","2019-07-01",23507309,"snomed_1090371000000106",0
"178","2019-07-01",23507309,"snomed_185320006",1690
"179","2019-07-01",23507309,"snomed_325871000000103",0
"180","2019-07-01",23507309,"snomed_325901000000103",0
"181","2019-07-01",23507309,"snomed_325911000000101",0
"182","2019-07-01",23507309,"snomed_325951000000102",0
"183","2019-07-01",23507309,"snomed_325981000000108",0
"184","2019-07-01",23507309,"snomed_325991000000105",0
"185","2019-07-01",23507309,"snomed_384131000000101",0
"186","2019-07-01",23507309,"snomed_401271004",6127
"187","2019-07-01",23507309,"snomed_448337001",3673
"188","2019-07-01",23507309,"snomed_699249000",8278
"189","2019-07-01",23507309,"snomed_719407002",0
"190","2019-07-01",23507309,"snomed_763184009",0
"191","2019-07-01",23507309,"snomed_854891000000104",0
"192","2019-07-01",23507309,"snomed_868184008",0
"193","2019-07-01",23507309,"snomed_978871000000104",0
"194","2019-07-01",23507309,"OC_OC10",16751
"195","2019-07-01",23507309,"OC_Y1f3b",3110
"196","2019-07-01",23507309,"OC_XUkjp",0
"197","2019-07-01",23507309,"OC_XaXcK",3673
"198","2019-07-01",23507309,"OC_XVCTw",0
"199","2019-07-01",23507309,"OC_XUuWQ",0
"200","2019-07-01",23507309,"OC_XV1pT",0
"201","2019-07-01",23507309,"OC_computerlink",1690
"202","2019-07-01",23507309,"OC_alertreceived",8278
"203","2019-07-01",23507309,"OC_Y22b4",0
"204","2019-08-01",23540396,"gp_consult_count",9629367
"205","2019-08-01",23540396,"snomed_1068881000000101",3976
"206","2019-08-01",23540396,"snomed_1090371000000106",0
"207","2019-08-01",23540396,"snomed_185320006",1092
"208","2019-08-01",23540396,"snomed_325871000000103",0
"209","2019-08-01",23540396,"snomed_325901000000103",0
"210","2019-08-01",23540396,"snomed_325911000000101",0
"211","2019-08-01",23540396,"snomed_325951000000102",0
"212","2019-08-01",23540396,"snomed_325981000000108",0
"213","2019-08-01",23540396,"snomed_325991000000105",0
"214","2019-08-01",23540396,"snomed_384131000000101",0
"215","2019-08-01",23540396,"snomed_401271004",6219
"216","2019-08-01",23540396,"snomed_448337001",3339
"217","2019-08-01",23540396,"snomed_699249000",7766
"218","2019-08-01",23540396,"snomed_719407002",0
"219","2019-08-01",23540396,"snomed_763184009",0
"220","2019-08-01",23540396,"snomed_854891000000104",0
"221","2019-08-01",23540396,"snomed_868184008",0
"222","2019-08-01",23540396,"snomed_978871000000104",0
"223","2019-08-01",23540396,"OC_OC10",16173
"224","2019-08-01",23540396,"OC_Y1f3b",3976
"225","2019-08-01",23540396,"OC_XUkjp",0
"226","2019-08-01",23540396,"OC_XaXcK",3339
"227","2019-08-01",23540396,"OC_XVCTw",0
"228","2019-08-01",23540396,"OC_XUuWQ",0
"229","2019-08-01",23540396,"OC_XV1pT",0
"230","2019-08-01",23540396,"OC_computerlink",1092
"231","2019-08-01",23540396,"OC_alertreceived",7766
"232","2019-08-01",23540396,"OC_Y22b4",0
"233","2019-09-01",23565759,"gp_consult_count",10853677
"234","2019-09-01",23565759,"snomed_1068881000000101",4872
"235","2019-09-01",23565759,"snomed_1090371000000106",0
"236","2019-09-01",23565759,"snomed_185320006",989
"237","2019-09-01",23565759,"snomed_325871000000103",NA
"238","2019-09-01",23565759,"snomed_325901000000103",0
"239","2019-09-01",23565759,"snomed_325911000000101",0
"240","2019-09-01",23565759,"snomed_325951000000102",0
"241","2019-09-01",23565759,"snomed_325981000000108",0
"242","2019-09-01",23565759,"snomed_325991000000105",0
"243","2019-09-01",23565759,"snomed_384131000000101",0
"244","2019-09-01",23565759,"snomed_401271004",10087
"245","2019-09-01",23565759,"snomed_448337001",3455
"246","2019-09-01",23565759,"snomed_699249000",9051
"247","2019-09-01",23565759,"snomed_719407002",0
"248","2019-09-01",23565759,"snomed_763184009",0
"249","2019-09-01",23565759,"snomed_854891000000104",0
"250","2019-09-01",23565759,"snomed_868184008",0
"251","2019-09-01",23565759,"snomed_978871000000104",0
"252","2019-09-01",23565759,"OC_OC10",18368
"253","2019-09-01",23565759,"OC_Y1f3b",4872
"254","2019-09-01",23565759,"OC_XUkjp",0
"255","2019-09-01",23565759,"OC_XaXcK",3455
"256","2019-09-01",23565759,"OC_XVCTw",0
"257","2019-09-01",23565759,"OC_XUuWQ",0
"258","2019-09-01",23565759,"OC_XV1pT",0
"259","2019-09-01",23565759,"OC_computerlink",989
"260","2019-09-01",23565759,"OC_alertreceived",9051
"261","2019-09-01",23565759,"OC_Y22b4",NA
"262","2019-10-01",23592437,"gp_consult_count",12556375
"263","2019-10-01",23592437,"snomed_1068881000000101",8639
"264","2019-10-01",23592437,"snomed_1090371000000106",0
"265","2019-10-01",23592437,"snomed_185320006",953
"266","2019-10-01",23592437,"snomed_325871000000103",0
"267","2019-10-01",23592437,"snomed_325901000000103",0
"268","2019-10-01",23592437,"snomed_325911000000101",0
"269","2019-10-01",23592437,"snomed_325951000000102",0
"270","2019-10-01",23592437,"snomed_325981000000108",0
"271","2019-10-01",23592437,"snomed_325991000000105",0
"272","2019-10-01",23592437,"snomed_384131000000101",0
"273","2019-10-01",23592437,"snomed_401271004",4582
"274","2019-10-01",23592437,"snomed_448337001",5886
"275","2019-10-01",23592437,"snomed_699249000",11804
"276","2019-10-01",23592437,"snomed_719407002",0
"277","2019-10-01",23592437,"snomed_763184009",0
"278","2019-10-01",23592437,"snomed_854891000000104",0
"279","2019-10-01",23592437,"snomed_868184008",0
"280","2019-10-01",23592437,"snomed_978871000000104",0
"281","2019-10-01",23592437,"OC_OC10",27282
"282","2019-10-01",23592437,"OC_Y1f3b",8639
"283","2019-10-01",23592437,"OC_XUkjp",0
"284","2019-10-01",23592437,"OC_XaXcK",5886
"285","2019-10-01",23592437,"OC_XVCTw",0
"286","2019-10-01",23592437,"OC_XUuWQ",0
"287","2019-10-01",23592437,"OC_XV1pT",0
"288","2019-10-01",23592437,"OC_computerlink",953
"289","2019-10-01",23592437,"OC_alertreceived",11804
"290","2019-10-01",23592437,"OC_Y22b4",0
"291","2019-11-01",23643301,"gp_consult_count",11189900
"292","2019-11-01",23643301,"snomed_1068881000000101",14163
"293","2019-11-01",23643301,"snomed_1090371000000106",0
"294","2019-11-01",23643301,"snomed_185320006",1035
"295","2019-11-01",23643301,"snomed_325871000000103",NA
"296","2019-11-01",23643301,"snomed_325901000000103",0
"297","2019-11-01",23643301,"snomed_325911000000101",0
"298","2019-11-01",23643301,"snomed_325951000000102",0
"299","2019-11-01",23643301,"snomed_325981000000108",0
"300","2019-11-01",23643301,"snomed_325991000000105",0
"301","2019-11-01",23643301,"snomed_384131000000101",0
"302","2019-11-01",23643301,"snomed_401271004",3732
"303","2019-11-01",23643301,"snomed_448337001",9553
"304","2019-11-01",23643301,"snomed_699249000",14056
"305","2019-11-01",23643301,"snomed_719407002",0
"306","2019-11-01",23643301,"snomed_763184009",0
"307","2019-11-01",23643301,"snomed_854891000000104",0
"308","2019-11-01",23643301,"snomed_868184008",0
"309","2019-11-01",23643301,"snomed_978871000000104",0
"310","2019-11-01",23643301,"OC_OC10",38808
"311","2019-11-01",23643301,"OC_Y1f3b",14163
"312","2019-11-01",23643301,"OC_XUkjp",0
"313","2019-11-01",23643301,"OC_XaXcK",9553
"314","2019-11-01",23643301,"OC_XVCTw",0
"315","2019-11-01",23643301,"OC_XUuWQ",0
"316","2019-11-01",23643301,"OC_XV1pT",0
"317","2019-11-01",23643301,"OC_computerlink",1035
"318","2019-11-01",23643301,"OC_alertreceived",14056
"319","2019-11-01",23643301,"OC_Y22b4",NA
"320","2019-12-01",23672925,"gp_consult_count",9917317
"321","2019-12-01",23672925,"snomed_1068881000000101",20746
"322","2019-12-01",23672925,"snomed_1090371000000106",0
"323","2019-12-01",23672925,"snomed_185320006",793
"324","2019-12-01",23672925,"snomed_325871000000103",0
"325","2019-12-01",23672925,"snomed_325901000000103",0
"326","2019-12-01",23672925,"snomed_325911000000101",0
"327","2019-12-01",23672925,"snomed_325951000000102",0
"328","2019-12-01",23672925,"snomed_325981000000108",0
"329","2019-12-01",23672925,"snomed_325991000000105",0
"330","2019-12-01",23672925,"snomed_384131000000101",0
"331","2019-12-01",23672925,"snomed_401271004",6006
"332","2019-12-01",23672925,"snomed_448337001",12492
"333","2019-12-01",23672925,"snomed_699249000",11840
"334","2019-12-01",23672925,"snomed_719407002",0
"335","2019-12-01",23672925,"snomed_763184009",0
"336","2019-12-01",23672925,"snomed_854891000000104",0
"337","2019-12-01",23672925,"snomed_868184008",0
"338","2019-12-01",23672925,"snomed_978871000000104",0
"339","2019-12-01",23672925,"OC_OC10",45871
"340","2019-12-01",23672925,"OC_Y1f3b",20746
"341","2019-12-01",23672925,"OC_XUkjp",0
"342","2019-12-01",23672925,"OC_XaXcK",12492
"343","2019-12-01",23672925,"OC_XVCTw",0
"344","2019-12-01",23672925,"OC_XUuWQ",0
"345","2019-12-01",23672925,"OC_XV1pT",0
"346","2019-12-01",23672925,"OC_computerlink",793
"347","2019-12-01",23672925,"OC_alertreceived",11840
"348","2019-12-01",23672925,"OC_Y22b4",0
"349","2020-01-01",23684178,"gp_consult_count",11553213
"350","2020-01-01",23684178,"snomed_1068881000000101",33335
"351","2020-01-01",23684178,"snomed_1090371000000106",0
"352","2020-01-01",23684178,"snomed_185320006",1054
"353","2020-01-01",23684178,"snomed_325871000000103",NA
"354","2020-01-01",23684178,"snomed_325901000000103",0
"355","2020-01-01",23684178,"snomed_325911000000101",0
"356","2020-01-01",23684178,"snomed_325951000000102",0
"357","2020-01-01",23684178,"snomed_325981000000108",0
"358","2020-01-01",23684178,"snomed_325991000000105",0
"359","2020-01-01",23684178,"snomed_384131000000101",0
"360","2020-01-01",23684178,"snomed_401271004",7196
"361","2020-01-01",23684178,"snomed_448337001",16968
"362","2020-01-01",23684178,"snomed_699249000",16791
"363","2020-01-01",23684178,"snomed_719407002",0
"364","2020-01-01",23684178,"snomed_763184009",0
"365","2020-01-01",23684178,"snomed_854891000000104",0
"366","2020-01-01",23684178,"snomed_868184008",0
"367","2020-01-01",23684178,"snomed_978871000000104",0
"368","2020-01-01",23684178,"OC_OC10",68149
"369","2020-01-01",23684178,"OC_Y1f3b",33335
"370","2020-01-01",23684178,"OC_XUkjp",0
"371","2020-01-01",23684178,"OC_XaXcK",16968
"372","2020-01-01",23684178,"OC_XVCTw",0
"373","2020-01-01",23684178,"OC_XUuWQ",0
"374","2020-01-01",23684178,"OC_XV1pT",0
"375","2020-01-01",23684178,"OC_computerlink",1054
"376","2020-01-01",23684178,"OC_alertreceived",16791
"377","2020-01-01",23684178,"OC_Y22b4",NA
"378","2020-02-01",23714406,"gp_consult_count",10230064
"379","2020-02-01",23714406,"snomed_1068881000000101",43491
"380","2020-02-01",23714406,"snomed_1090371000000106",0
"381","2020-02-01",23714406,"snomed_185320006",1024
"382","2020-02-01",23714406,"snomed_325871000000103",NA
"383","2020-02-01",23714406,"snomed_325901000000103",0
"384","2020-02-01",23714406,"snomed_325911000000101",0
"385","2020-02-01",23714406,"snomed_325951000000102",0
"386","2020-02-01",23714406,"snomed_325981000000108",0
"387","2020-02-01",23714406,"snomed_325991000000105",0
"388","2020-02-01",23714406,"snomed_384131000000101",0
"389","2020-02-01",23714406,"snomed_401271004",4171
"390","2020-02-01",23714406,"snomed_448337001",17090
"391","2020-02-01",23714406,"snomed_699249000",15598
"392","2020-02-01",23714406,"snomed_719407002",0
"393","2020-02-01",23714406,"snomed_763184009",0
"394","2020-02-01",23714406,"snomed_854891000000104",0
"395","2020-02-01",23714406,"snomed_868184008",0
"396","2020-02-01",23714406,"snomed_978871000000104",0
"397","2020-02-01",23714406,"OC_OC10",77205
"398","2020-02-01",23714406,"OC_Y1f3b",43491
"399","2020-02-01",23714406,"OC_XUkjp",0
"400","2020-02-01",23714406,"OC_XaXcK",17090
"401","2020-02-01",23714406,"OC_XVCTw",0
"402","2020-02-01",23714406,"OC_XUuWQ",0
"403","2020-02-01",23714406,"OC_XV1pT",0
"404","2020-02-01",23714406,"OC_computerlink",1024
"405","2020-02-01",23714406,"OC_alertreceived",15598
"406","2020-02-01",23714406,"OC_Y22b4",NA
"407","2020-03-01",23735953,"gp_consult_count",9992365
"408","2020-03-01",23735953,"snomed_1068881000000101",81305
"409","2020-03-01",23735953,"snomed_1090371000000106",0
"410","2020-03-01",23735953,"snomed_185320006",1977
"411","2020-03-01",23735953,"snomed_325871000000103",333
"412","2020-03-01",23735953,"snomed_325901000000103",0
"413","2020-03-01",23735953,"snomed_325911000000101",0
"414","2020-03-01",23735953,"snomed_325951000000102",0
"415","2020-03-01",23735953,"snomed_325981000000108",0
"416","2020-03-01",23735953,"snomed_325991000000105",0
"417","2020-03-01",23735953,"snomed_384131000000101",0
"418","2020-03-01",23735953,"snomed_401271004",8509
"419","2020-03-01",23735953,"snomed_448337001",30469
"420","2020-03-01",23735953,"snomed_699249000",32277
"421","2020-03-01",23735953,"snomed_719407002",0
"422","2020-03-01",23735953,"snomed_763184009",0
"423","2020-03-01",23735953,"snomed_854891000000104",0
"424","2020-03-01",23735953,"snomed_868184008",0
"425","2020-03-01",23735953,"snomed_978871000000104",0
"426","2020-03-01",23735953,"OC_OC10",146361
"427","2020-03-01",23735953,"OC_Y1f3b",81305
"428","2020-03-01",23735953,"OC_XUkjp",0
"429","2020-03-01",23735953,"OC_XaXcK",30469
"430","2020-03-01",23735953,"OC_XVCTw",0
"431","2020-03-01",23735953,"OC_XUuWQ",0
"432","2020-03-01",23735953,"OC_XV1pT",0
"433","2020-03-01",23735953,"OC_computerlink",1977
"434","2020-03-01",23735953,"OC_alertreceived",32277
"435","2020-03-01",23735953,"OC_Y22b4",333
"436","2020-04-01",23749562,"gp_consult_count",6779885
"437","2020-04-01",23749562,"snomed_1068881000000101",99507
"438","2020-04-01",23749562,"snomed_1090371000000106",0
"439","2020-04-01",23749562,"snomed_185320006",2294
"440","2020-04-01",23749562,"snomed_325871000000103",7572
"441","2020-04-01",23749562,"snomed_325901000000103",0
"442","2020-04-01",23749562,"snomed_325911000000101",0
"443","2020-04-01",23749562,"snomed_325951000000102",0
"444","2020-04-01",23749562,"snomed_325981000000108",0
"445","2020-04-01",23749562,"snomed_325991000000105",0
"446","2020-04-01",23749562,"snomed_384131000000101",0
"447","2020-04-01",23749562,"snomed_401271004",11480
"448","2020-04-01",23749562,"snomed_448337001",51478
"449","2020-04-01",23749562,"snomed_699249000",39957
"450","2020-04-01",23749562,"snomed_719407002",0
"451","2020-04-01",23749562,"snomed_763184009",0
"452","2020-04-01",23749562,"snomed_854891000000104",0
"453","2020-04-01",23749562,"snomed_868184008",0
"454","2020-04-01",23749562,"snomed_978871000000104",0
"455","2020-04-01",23749562,"OC_OC10",200808
"456","2020-04-01",23749562,"OC_Y1f3b",99507
"457","2020-04-01",23749562,"OC_XUkjp",0
"458","2020-04-01",23749562,"OC_XaXcK",51478
"459","2020-04-01",23749562,"OC_XVCTw",0
"460","2020-04-01",23749562,"OC_XUuWQ",0
"461","2020-04-01",23749562,"OC_XV1pT",0
"462","2020-04-01",23749562,"OC_computerlink",2294
"463","2020-04-01",23749562,"OC_alertreceived",39957
"464","2020-04-01",23749562,"OC_Y22b4",7572
"465","2020-05-01",23741475,"gp_consult_count",7237920
"466","2020-05-01",23741475,"snomed_1068881000000101",124926
"467","2020-05-01",23741475,"snomed_1090371000000106",0
"468","2020-05-01",23741475,"snomed_185320006",2545
"469","2020-05-01",23741475,"snomed_325871000000103",11048
"470","2020-05-01",23741475,"snomed_325901000000103",0
"471","2020-05-01",23741475,"snomed_325911000000101",0
"472","2020-05-01",23741475,"snomed_325951000000102",0
"473","2020-05-01",23741475,"snomed_325981000000108",0
"474","2020-05-01",23741475,"snomed_325991000000105",0
"475","2020-05-01",23741475,"snomed_384131000000101",0
"476","2020-05-01",23741475,"snomed_401271004",13643
"477","2020-05-01",23741475,"snomed_448337001",55632
"478","2020-05-01",23741475,"snomed_699249000",46957
"479","2020-05-01",23741475,"snomed_719407002",0
"480","2020-05-01",23741475,"snomed_763184009",0
"481","2020-05-01",23741475,"snomed_854891000000104",0
"482","2020-05-01",23741475,"snomed_868184008",0
"483","2020-05-01",23741475,"snomed_978871000000104",0
"484","2020-05-01",23741475,"OC_OC10",241108
"485","2020-05-01",23741475,"OC_Y1f3b",124926
"486","2020-05-01",23741475,"OC_XUkjp",0
"487","2020-05-01",23741475,"OC_XaXcK",55632
"488","2020-05-01",23741475,"OC_XVCTw",0
"489","2020-05-01",23741475,"OC_XUuWQ",0
"490","2020-05-01",23741475,"OC_XV1pT",0
"491","2020-05-01",23741475,"OC_computerlink",2545
"492","2020-05-01",23741475,"OC_alertreceived",46957
"493","2020-05-01",23741475,"OC_Y22b4",11048
"494","2020-06-01",23741201,"gp_consult_count",9175948
"495","2020-06-01",23741201,"snomed_1068881000000101",174040
"496","2020-06-01",23741201,"snomed_1090371000000106",0
"497","2020-06-01",23741201,"snomed_185320006",2815
"498","2020-06-01",23741201,"snomed_325871000000103",10038
"499","2020-06-01",23741201,"snomed_325901000000103",0
"500","2020-06-01",23741201,"snomed_325911000000101",0
"501","2020-06-01",23741201,"snomed_325951000000102",0
"502","2020-06-01",23741201,"snomed_325981000000108",0
"503","2020-06-01",23741201,"snomed_325991000000105",0
"504","2020-06-01",23741201,"snomed_384131000000101",0
"505","2020-06-01",23741201,"snomed_401271004",22437
"506","2020-06-01",23741201,"snomed_448337001",64222
"507","2020-06-01",23741201,"snomed_699249000",62657
"508","2020-06-01",23741201,"snomed_719407002",0
"509","2020-06-01",23741201,"snomed_763184009",0
"510","2020-06-01",23741201,"snomed_854891000000104",0
"511","2020-06-01",23741201,"snomed_868184008",0
"512","2020-06-01",23741201,"snomed_978871000000104",0
"513","2020-06-01",23741201,"OC_OC10",313772
"514","2020-06-01",23741201,"OC_Y1f3b",174040
"515","2020-06-01",23741201,"OC_XUkjp",0
"516","2020-06-01",23741201,"OC_XaXcK",64222
"517","2020-06-01",23741201,"OC_XVCTw",0
"518","2020-06-01",23741201,"OC_XUuWQ",0
"519","2020-06-01",23741201,"OC_XV1pT",0
"520","2020-06-01",23741201,"OC_computerlink",2815
"521","2020-06-01",23741201,"OC_alertreceived",62657
"522","2020-06-01",23741201,"OC_Y22b4",10038
"523","2020-07-01",23742936,"gp_consult_count",9879060
"524","2020-07-01",23742936,"snomed_1068881000000101",222308
"525","2020-07-01",23742936,"snomed_1090371000000106",0
"526","2020-07-01",23742936,"snomed_185320006",3061
"527","2020-07-01",23742936,"snomed_325871000000103",12353
"528","2020-07-01",23742936,"snomed_325901000000103",0
"529","2020-07-01",23742936,"snomed_325911000000101",0
"530","2020-07-01",23742936,"snomed_325951000000102",0
"531","2020-07-01",23742936,"snomed_325981000000108",0
"532","2020-07-01",23742936,"snomed_325991000000105",0
"533","2020-07-01",23742936,"snomed_384131000000101",0
"534","2020-07-01",23742936,"snomed_401271004",18710
"535","2020-07-01",23742936,"snomed_448337001",49064
"536","2020-07-01",23742936,"snomed_699249000",74110
"537","2020-07-01",23742936,"snomed_719407002",0
"538","2020-07-01",23742936,"snomed_763184009",0
"539","2020-07-01",23742936,"snomed_854891000000104",0
"540","2020-07-01",23742936,"snomed_868184008",0
"541","2020-07-01",23742936,"snomed_978871000000104",0
"542","2020-07-01",23742936,"OC_OC10",360896
"543","2020-07-01",23742936,"OC_Y1f3b",222308
"544","2020-07-01",23742936,"OC_XUkjp",0
"545","2020-07-01",23742936,"OC_XaXcK",49064
"546","2020-07-01",23742936,"OC_XVCTw",0
"547","2020-07-01",23742936,"OC_XUuWQ",0
"548","2020-07-01",23742936,"OC_XV1pT",0
"549","2020-07-01",23742936,"OC_computerlink",3061
"550","2020-07-01",23742936,"OC_alertreceived",74110
"551","2020-07-01",23742936,"OC_Y22b4",12353
"552","2020-08-01",23757680,"gp_consult_count",8839165
"553","2020-08-01",23757680,"snomed_1068881000000101",217496
"554","2020-08-01",23757680,"snomed_1090371000000106",0
"555","2020-08-01",23757680,"snomed_185320006",2723
"556","2020-08-01",23757680,"snomed_325871000000103",9248
"557","2020-08-01",23757680,"snomed_325901000000103",0
"558","2020-08-01",23757680,"snomed_325911000000101",0
"559","2020-08-01",23757680,"snomed_325951000000102",0
"560","2020-08-01",23757680,"snomed_325981000000108",0
"561","2020-08-01",23757680,"snomed_325991000000105",0
"562","2020-08-01",23757680,"snomed_384131000000101",0
"563","2020-08-01",23757680,"snomed_401271004",15711
"564","2020-08-01",23757680,"snomed_448337001",46452
"565","2020-08-01",23757680,"snomed_699249000",78525
"566","2020-08-01",23757680,"snomed_719407002",0
"567","2020-08-01",23757680,"snomed_763184009",0
"568","2020-08-01",23757680,"snomed_854891000000104",0
"569","2020-08-01",23757680,"snomed_868184008",0
"570","2020-08-01",23757680,"snomed_978871000000104",0
"571","2020-08-01",23757680,"OC_OC10",354444
"572","2020-08-01",23757680,"OC_Y1f3b",217496
"573","2020-08-01",23757680,"OC_XUkjp",0
"574","2020-08-01",23757680,"OC_XaXcK",46452
"575","2020-08-01",23757680,"OC_XVCTw",0
"576","2020-08-01",23757680,"OC_XUuWQ",0
"577","2020-08-01",23757680,"OC_XV1pT",0
"578","2020-08-01",23757680,"OC_computerlink",2723
"579","2020-08-01",23757680,"OC_alertreceived",78525
"580","2020-08-01",23757680,"OC_Y22b4",9248
"581","2020-09-01",23765518,"gp_consult_count",11484439
"582","2020-09-01",23765518,"snomed_1068881000000101",256451
"583","2020-09-01",23765518,"snomed_1090371000000106",0
"584","2020-09-01",23765518,"snomed_185320006",3972
"585","2020-09-01",23765518,"snomed_325871000000103",9425
"586","2020-09-01",23765518,"snomed_325901000000103",0
"587","2020-09-01",23765518,"snomed_325911000000101",0
"588","2020-09-01",23765518,"snomed_325951000000102",0
"589","2020-09-01",23765518,"snomed_325981000000108",0
"590","2020-09-01",23765518,"snomed_325991000000105",0
"591","2020-09-01",23765518,"snomed_384131000000101",0
"592","2020-09-01",23765518,"snomed_401271004",19358
"593","2020-09-01",23765518,"snomed_448337001",51484
"594","2020-09-01",23765518,"snomed_699249000",88840
"595","2020-09-01",23765518,"snomed_719407002",0
"596","2020-09-01",23765518,"snomed_763184009",0
"597","2020-09-01",23765518,"snomed_854891000000104",0
"598","2020-09-01",23765518,"snomed_868184008",0
"599","2020-09-01",23765518,"snomed_978871000000104",0
"600","2020-09-01",23765518,"OC_OC10",410172
"601","2020-09-01",23765518,"OC_Y1f3b",256451
"602","2020-09-01",23765518,"OC_XUkjp",0
"603","2020-09-01",23765518,"OC_XaXcK",51484
"604","2020-09-01",23765518,"OC_XVCTw",0
"605","2020-09-01",23765518,"OC_XUuWQ",0
"606","2020-09-01",23765518,"OC_XV1pT",0
"607","2020-09-01",23765518,"OC_computerlink",3972
"608","2020-09-01",23765518,"OC_alertreceived",88840
"609","2020-09-01",23765518,"OC_Y22b4",9425
"610","2020-10-01",23774882,"gp_consult_count",12334635
"611","2020-10-01",23774882,"snomed_1068881000000101",256334
"612","2020-10-01",23774882,"snomed_1090371000000106",0
"613","2020-10-01",23774882,"snomed_185320006",4850
"614","2020-10-01",23774882,"snomed_325871000000103",10013
"615","2020-10-01",23774882,"snomed_325901000000103",0
"616","2020-10-01",23774882,"snomed_325911000000101",0
"617","2020-10-01",23774882,"snomed_325951000000102",0
"618","2020-10-01",23774882,"snomed_325981000000108",0
"619","2020-10-01",23774882,"snomed_325991000000105",0
"620","2020-10-01",23774882,"snomed_384131000000101",0
"621","2020-10-01",23774882,"snomed_401271004",17918
"622","2020-10-01",23774882,"snomed_448337001",47948
"623","2020-10-01",23774882,"snomed_699249000",83917
"624","2020-10-01",23774882,"snomed_719407002",0
"625","2020-10-01",23774882,"snomed_763184009",0
"626","2020-10-01",23774882,"snomed_854891000000104",0
"627","2020-10-01",23774882,"snomed_868184008",0
"628","2020-10-01",23774882,"snomed_978871000000104",0
"629","2020-10-01",23774882,"OC_OC10",403062
"630","2020-10-01",23774882,"OC_Y1f3b",256334
"631","2020-10-01",23774882,"OC_XUkjp",0
"632","2020-10-01",23774882,"OC_XaXcK",47948
"633","2020-10-01",23774882,"OC_XVCTw",0
"634","2020-10-01",23774882,"OC_XUuWQ",0
"635","2020-10-01",23774882,"OC_XV1pT",0
"636","2020-10-01",23774882,"OC_computerlink",4850
"637","2020-10-01",23774882,"OC_alertreceived",83917
"638","2020-10-01",23774882,"OC_Y22b4",10013
"639","2020-11-01",23801167,"gp_consult_count",11160615
"640","2020-11-01",23801167,"snomed_1068881000000101",271709
"641","2020-11-01",23801167,"snomed_1090371000000106",0
"642","2020-11-01",23801167,"snomed_185320006",3651
"643","2020-11-01",23801167,"snomed_325871000000103",9916
"644","2020-11-01",23801167,"snomed_325901000000103",0
"645","2020-11-01",23801167,"snomed_325911000000101",0
"646","2020-11-01",23801167,"snomed_325951000000102",0
"647","2020-11-01",23801167,"snomed_325981000000108",0
"648","2020-11-01",23801167,"snomed_325991000000105",0
"649","2020-11-01",23801167,"snomed_384131000000101",0
"650","2020-11-01",23801167,"snomed_401271004",18429
"651","2020-11-01",23801167,"snomed_448337001",38480
"652","2020-11-01",23801167,"snomed_699249000",84560
"653","2020-11-01",23801167,"snomed_719407002",0
"654","2020-11-01",23801167,"snomed_763184009",0
"655","2020-11-01",23801167,"snomed_854891000000104",0
"656","2020-11-01",23801167,"snomed_868184008",0
"657","2020-11-01",23801167,"snomed_978871000000104",0
"658","2020-11-01",23801167,"OC_OC10",408316
"659","2020-11-01",23801167,"OC_Y1f3b",271709
"660","2020-11-01",23801167,"OC_XUkjp",0
"661","2020-11-01",23801167,"OC_XaXcK",38480
"662","2020-11-01",23801167,"OC_XVCTw",0
"663","2020-11-01",23801167,"OC_XUuWQ",0
"664","2020-11-01",23801167,"OC_XV1pT",0
"665","2020-11-01",23801167,"OC_computerlink",3651
"666","2020-11-01",23801167,"OC_alertreceived",84560
"667","2020-11-01",23801167,"OC_Y22b4",9916
"668","2020-12-01",23818073,"gp_consult_count",10642308
"669","2020-12-01",23818073,"snomed_1068881000000101",241684
"670","2020-12-01",23818073,"snomed_1090371000000106",0
"671","2020-12-01",23818073,"snomed_185320006",2951
"672","2020-12-01",23818073,"snomed_325871000000103",10131
"673","2020-12-01",23818073,"snomed_325901000000103",0
"674","2020-12-01",23818073,"snomed_325911000000101",0
"675","2020-12-01",23818073,"snomed_325951000000102",0
"676","2020-12-01",23818073,"snomed_325981000000108",0
"677","2020-12-01",23818073,"snomed_325991000000105",0
"678","2020-12-01",23818073,"snomed_384131000000101",0
"679","2020-12-01",23818073,"snomed_401271004",15977
"680","2020-12-01",23818073,"snomed_448337001",11243
"681","2020-12-01",23818073,"snomed_699249000",73031
"682","2020-12-01",23818073,"snomed_719407002",0
"683","2020-12-01",23818073,"snomed_763184009",0
"684","2020-12-01",23818073,"snomed_854891000000104",0
"685","2020-12-01",23818073,"snomed_868184008",0
"686","2020-12-01",23818073,"snomed_978871000000104",0
"687","2020-12-01",23818073,"OC_OC10",339040
"688","2020-12-01",23818073,"OC_Y1f3b",241684
"689","2020-12-01",23818073,"OC_XUkjp",0
"690","2020-12-01",23818073,"OC_XaXcK",11243
"691","2020-12-01",23818073,"OC_XVCTw",0
"692","2020-12-01",23818073,"OC_XUuWQ",0
"693","2020-12-01",23818073,"OC_XV1pT",0
"694","2020-12-01",23818073,"OC_computerlink",2951
"695","2020-12-01",23818073,"OC_alertreceived",73031
"696","2020-12-01",23818073,"OC_Y22b4",10131
